Workbook

Sheet Tong hop diem
B1: ĐIEM THI HK1-2018-2019 (CT428)
B2: Ma CB | C2: 1043 | D2: Họ và Tên | F2: Nguyen Minh Trung
B3: Ma MH | C3: CT428 | D3: Ma NH | F3: 8
B4: Nam hoc | C4: 2020-2021 | D4: Học kỳ | F4: 1
A6: STT | B6: Mã SV | C6: Họ và Tên | D6: Điểm TH 1 | E6: Điểm TH 2 | F6: Điểm TH 3 | G6: Điểm BT lớn | H6: Điểm LT | I6: Điểm tổng | J6: Điểm theo thang điểm 10 | K6: Điểm chữ
A7: 1 | B7: 0B1505719 | C7: ='Các bảng tham chiếu & Thống kê'!C25 -> Nguyễn Văn Hiếu | D7: ='Diem thuc hanh cac buoi'!D3 -> 0.45 | E7: ='Diem thuc hanh cac buoi'!E3 -> 0.25 | F7: ='Diem thuc hanh cac buoi'!F3 -> 0.3 | G7: ='Điểm bài tập lớn'!D3 -> 0.5 | H7: ='Điểm lý thuyết'!D3 -> 4.2 | I7: =ROUND(D7 + E7 + F7 + G7 + 0.6*H7, 1) -> 4 | J7: =IF(OR(G7=0, VALUE(LEFT(B7,1))>2), 0, I7 + CHOOSE(VALUE(LEFT(B7,1))+1, 1, 0.5, 0.25) ) -> 5 | K7: =IF(J7>=9,"A", IF(J7>=8,"B+", IF(J7>=7,"B", IF(J7>=6.5,"C+", IF(J7>=5.5,"C", IF(J7>=5,"D+", IF(J7>=4,"D","F"))))))) -> D+
A8: 2 | B8: 1B1505915 | C8: ='Các bảng tham chiếu & Thống kê'!C19 -> Lý Minh Trí | D8: ='Diem thuc hanh cac buoi'!D4 -> 0.5 | E8: ='Diem thuc hanh cac buoi'!E4 -> 0.35 | F8: ='Diem thuc hanh cac buoi'!F4 -> 0.4 | G8: ='Điểm bài tập lớn'!D4 -> 1 | H8: ='Điểm lý thuyết'!D4 -> 5.8 | I8: =ROUND(D8 + E8 + F8 + G8 + 0.6*H8, 1) -> 5.7 | J8: =IF(OR(G8=0, VALUE(LEFT(B8,1))>2), 0, I8 + CHOOSE(VALUE(LEFT(B8,1))+1, 1, 0.5, 0.25) ) -> 6.2 | K8: =IF(J8>=9,"A", IF(J8>=8,"B+", IF(J8>=7,"B", IF(J8>=6.5,"C+", IF(J8>=5.5,"C", IF(J8>=5,"D+", IF(J8>=4,"D","F"))))))) -> C
A9: 3 | B9: 0B1509874 | C9: ='Các bảng tham chiếu & Thống kê'!C23 -> Nguyễn Kiều Mi | D9: ='Diem thuc hanh cac buoi'!D5 -> 0.25 | E9: ='Diem thuc hanh cac buoi'!E5 -> 0.25 | F9: ='Diem thuc hanh cac buoi'!F5 -> 0.3 | G9: ='Điểm bài tập lớn'!D5 -> 0.5 | H9: ='Điểm lý thuyết'!D5 -> 5.8 | I9: =ROUND(D9 + E9 + F9 + G9 + 0.6*H9, 1) -> 4.8 | J9: =IF(OR(G9=0, VALUE(LEFT(B9,1))>2), 0, I9 + CHOOSE(VALUE(LEFT(B9,1))+1, 1, 0.5, 0.25) ) -> 5.8 | K9: =IF(J9>=9,"A", IF(J9>=8,"B+", IF(J9>=7,"B", IF(J9>=6.5,"C+", IF(J9>=5.5,"C", IF(J9>=5,"D+", IF(J9>=4,"D","F"))))))) -> C
A10: 4 | B10: 0B1509929 | C10: ='Các bảng tham chiếu & Thống kê'!C14 -> Đặng Duy Linh | D10: ='Diem thuc hanh cac buoi'!D6 -> 0.4 | E10: ='Diem thuc hanh cac buoi'!E6 -> 0.25 | F10: ='Diem thuc hanh cac buoi'!F6 -> 0.35 | G10: ='Điểm bài tập lớn'!D6 -> 1 | H10: ='Điểm lý thuyết'!D6 -> 4.5 | I10: =ROUND(D10 + E10 + F10 + G10 + 0.6*H10, 1) -> 4.7 | J10: =IF(OR(G10=0, VALUE(LEFT(B10,1))>2), 0, I10 + CHOOSE(VALUE(LEFT(B10,1))+1, 1, 0.5, 0.25) ) -> 5.7 | K10: =IF(J10>=9,"A", IF(J10>=8,"B+", IF(J10>=7,"B", IF(J10>=6.5,"C+", IF(J10>=5.5,"C", IF(J10>=5,"D+", IF(J10>=4,"D","F"))))))) -> C
A11: 5 | B11: 2B1605223 | C11: ='Các bảng tham chiếu & Thống kê'!C18 -> Lê Thị Trúc Linh | D11: ='Diem thuc hanh cac buoi'!D7 -> 0.45 | E11: ='Diem thuc hanh cac buoi'!E7 -> 0.4 | F11: ='Diem thuc hanh cac buoi'!F7 -> 0.35 | G11: ='Điểm bài tập lớn'!D7 -> 0.75 | H11: ='Điểm lý thuyết'!D7 -> 5.5 | I11: =ROUND(D11 + E11 + F11 + G11 + 0.6*H11, 1) -> 5.3 | J11: =IF(OR(G11=0, VALUE(LEFT(B11,1))>2), 0, I11 + CHOOSE(VALUE(LEFT(B11,1))+1, 1, 0.5, 0.25) ) -> 5.55 | K11: =IF(J11>=9,"A", IF(J11>=8,"B+", IF(J11>=7,"B", IF(J11>=6.5,"C+", IF(J11>=5.5,"C", IF(J11>=5,"D+", IF(J11>=4,"D","F"))))))) -> C
A12: 6 | B12: 0B1605235 | C12: ='Các bảng tham chiếu & Thống kê'!C26 -> Phạm Thị Huỳnh | D12: ='Diem thuc hanh cac buoi'!D8 -> 0.4 | E12: ='Diem thuc hanh cac buoi'!E8 -> 0.45 | F12: ='Diem thuc hanh cac buoi'!F8 -> 0.5 | G12: ='Điểm bài tập lớn'!D8 -> 1.2 | H12: ='Điểm lý thuyết'!D8 -> 7.5 | I12: =ROUND(D12 + E12 + F12 + G12 + 0.6*H12, 1) -> 7.1 | J12: =IF(OR(G12=0, VALUE(LEFT(B12,1))>2), 0, I12 + CHOOSE(VALUE(LEFT(B12,1))+1, 1, 0.5, 0.25) ) -> 8.1 | K12: =IF(J12>=9,"A", IF(J12>=8,"B+", IF(J12>=7,"B", IF(J12>=6.5,"C+", IF(J12>=5.5,"C", IF(J12>=5,"D+", IF(J12>=4,"D","F"))))))) -> B+
A13: 7 | B13: 0B1605249 | C13: ='Các bảng tham chiếu & Thống kê'!C17 -> Lê Minh Thông | D13: ='Diem thuc hanh cac buoi'!D9 -> 0.4 | E13: ='Diem thuc hanh cac buoi'!E9 -> 0.4 | F13: ='Diem thuc hanh cac buoi'!F9 -> 0.4 | G13: ='Điểm bài tập lớn'!D9 -> 0 | H13: ='Điểm lý thuyết'!D9 -> 5.3 | I13: =ROUND(D13 + E13 + F13 + G13 + 0.6*H13, 1) -> 4.4 | J13: =IF(OR(G13=0, VALUE(LEFT(B13,1))>2), 0, I13 + CHOOSE(VALUE(LEFT(B13,1))+1, 1, 0.5, 0.25) ) -> 0 | K13: =IF(J13>=9,"A", IF(J13>=8,"B+", IF(J13>=7,"B", IF(J13>=6.5,"C+", IF(J13>=5.5,"C", IF(J13>=5,"D+", IF(J13>=4,"D","F"))))))) -> F
A14: 8 | B14: 0B1605285 | C14: ='Các bảng tham chiếu & Thống kê'!C15 -> Huỳnh Thị Diễm | D14: ='Diem thuc hanh cac buoi'!D10 -> 0.45 | E14: ='Diem thuc hanh cac buoi'!E10 -> 0.4 | F14: ='Diem thuc hanh cac buoi'!F10 -> 0.45 | G14: ='Điểm bài tập lớn'!D10 -> 0 | H14: ='Điểm lý thuyết'!D10 -> 6.8 | I14: =ROUND(D14 + E14 + F14 + G14 + 0.6*H14, 1) -> 5.4 | J14: =IF(OR(G14=0, VALUE(LEFT(B14,1))>2), 0, I14 + CHOOSE(VALUE(LEFT(B14,1))+1, 1, 0.5, 0.25) ) -> 0 | K14: =IF(J14>=9,"A", IF(J14>=8,"B+", IF(J14>=7,"B", IF(J14>=6.5,"C+", IF(J14>=5.5,"C", IF(J14>=5,"D+", IF(J14>=4,"D","F"))))))) -> F
A15: 9 | B15: 0B1605291 | C15: ='Các bảng tham chiếu & Thống kê'!C16 -> Trần Thanh Nguyên | D15: ='Diem thuc hanh cac buoi'!D11 -> 0.45 | E15: ='Diem thuc hanh cac buoi'!E11 -> 0.4 | F15: ='Diem thuc hanh cac buoi'!F11 -> 0.4 | G15: ='Điểm bài tập lớn'!D11 -> 0.75 | H15: ='Điểm lý thuyết'!D11 -> 6.3 | I15: =ROUND(D15 + E15 + F15 + G15 + 0.6*H15, 1) -> 5.8 | J15: =IF(OR(G15=0, VALUE(LEFT(B15,1))>2), 0, I15 + CHOOSE(VALUE(LEFT(B15,1))+1, 1, 0.5, 0.25) ) -> 6.8 | K15: =IF(J15>=9,"A", IF(J15>=8,"B+", IF(J15>=7,"B", IF(J15>=6.5,"C+", IF(J15>=5.5,"C", IF(J15>=5,"D+", IF(J15>=4,"D","F"))))))) -> C+
A16: 10 | B16: 1B1605344 | C16: ='Các bảng tham chiếu & Thống kê'!C24 -> Nguyễn Thị Đào | D16: ='Diem thuc hanh cac buoi'!D12 -> 0.3 | E16: ='Diem thuc hanh cac buoi'!E12 -> 0.4 | F16: ='Diem thuc hanh cac buoi'!F12 -> 0.45 | G16: ='Điểm bài tập lớn'!D12 -> 0.3 | H16: ='Điểm lý thuyết'!D12 -> 8.3 | I16: =ROUND(D16 + E16 + F16 + G16 + 0.6*H16, 1) -> 6.4 | J16: =IF(OR(G16=0, VALUE(LEFT(B16,1))>2), 0, I16 + CHOOSE(VALUE(LEFT(B16,1))+1, 1, 0.5, 0.25) ) -> 6.9 | K16: =IF(J16>=9,"A", IF(J16>=8,"B+", IF(J16>=7,"B", IF(J16>=6.5,"C+", IF(J16>=5.5,"C", IF(J16>=5,"D+", IF(J16>=4,"D","F"))))))) -> C+
A17: 11 | B17: 4B1607025 | C17: ='Các bảng tham chiếu & Thống kê'!C20 -> Nguyễn Chí Thanh | D17: ='Diem thuc hanh cac buoi'!D13 -> 0.4 | E17: ='Diem thuc hanh cac buoi'!E13 -> 0.45 | F17: ='Diem thuc hanh cac buoi'!F13 -> 0.4 | G17: ='Điểm bài tập lớn'!D13 -> 0.3 | H17: ='Điểm lý thuyết'!D13 -> -3 | I17: =MAX(0, D17 + E17 + F17 + G17 + 0.6*H17) -> 0 | J17: =IF(OR(G17=0, VALUE(LEFT(B17,1))>2), 0, I17 + CHOOSE(VALUE(LEFT(B17,1))+1, 1, 0.5, 0.25) ) -> 0 | K17: =IF(J17>=9,"A", IF(J17>=8,"B+", IF(J17>=7,"B", IF(J17>=6.5,"C+", IF(J17>=5.5,"C", IF(J17>=5,"D+", IF(J17>=4,"D","F"))))))) -> F
A18: 12 | B18: 2B1609759 | C18: ='Các bảng tham chiếu & Thống kê'!C22 -> Nguyễn Hải Anh | D18: ='Diem thuc hanh cac buoi'!D14 -> 0.5 | E18: ='Diem thuc hanh cac buoi'!E14 -> 0.5 | F18: ='Diem thuc hanh cac buoi'!F14 -> 0.45 | G18: ='Điểm bài tập lớn'!D14 -> 1.5 | H18: ='Điểm lý thuyết'!D14 -> 7 | I18: =ROUND(D18 + E18 + F18 + G18 + 0.6*H18, 1) -> 7.2 | J18: =IF(OR(G18=0, VALUE(LEFT(B18,1))>2), 0, I18 + CHOOSE(VALUE(LEFT(B18,1))+1, 1, 0.5, 0.25) ) -> 7.45 | K18: =IF(J18>=9,"A", IF(J18>=8,"B+", IF(J18>=7,"B", IF(J18>=6.5,"C+", IF(J18>=5.5,"C", IF(J18>=5,"D+", IF(J18>=4,"D","F"))))))) -> B
A19: 13 | B19: 5B1609765 | C19: ='Các bảng tham chiếu & Thống kê'!C27 -> Trần Nam Dương | D19: ='Diem thuc hanh cac buoi'!D15 -> 0.4 | E19: ='Diem thuc hanh cac buoi'!E15 -> 0.4 | F19: ='Diem thuc hanh cac buoi'!F15 -> 0.35 | G19: ='Điểm bài tập lớn'!D15 -> 1.35 | H19: ='Điểm lý thuyết'!D15 -> -3 | I19: =0 + (D19 + E19 + F19 + G19 + 0.6*H19)*0 -> 0 | J19: =IF(OR(G19=0, VALUE(LEFT(B19,1))>2), 0, I19 + CHOOSE(VALUE(LEFT(B19,1))+1, 1, 0.5, 0.25) ) -> 0 | K19: =IF(J19>=9,"A", IF(J19>=8,"B+", IF(J19>=7,"B", IF(J19>=6.5,"C+", IF(J19>=5.5,"C", IF(J19>=5,"D+", IF(J19>=4,"D","F"))))))) -> F
A20: 14 | B20: 0B1609773 | C20: ='Các bảng tham chiếu & Thống kê'!C21 -> Nguyễn Duy Khanh | D20: ='Diem thuc hanh cac buoi'!D16 -> 0.35 | E20: ='Diem thuc hanh cac buoi'!E16 -> 0.4 | F20: ='Diem thuc hanh cac buoi'!F16 -> 0 | G20: ='Điểm bài tập lớn'!D16 -> 0.85 | H20: ='Điểm lý thuyết'!D16 -> 6.5 | I20: =ROUND(D20 + E20 + F20 + G20 + 0.6*H20, 1) -> 5.5 | J20: =IF(OR(G20=0, VALUE(LEFT(B20,1))>2), 0, I20 + CHOOSE(VALUE(LEFT(B20,1))+1, 1, 0.5, 0.25) ) -> 6.5 | K20: =IF(J20>=9,"A", IF(J20>=8,"B+", IF(J20>=7,"B", IF(J20>=6.5,"C+", IF(J20>=5.5,"C", IF(J20>=5,"D+", IF(J20>=4,"D","F"))))))) -> C+

Sheet Diem thuc hanh cac buoi
A1: Điểm thực hành các buổi
A2: STT | B2: Mã SV | C2: Họ và tên | D2: Điểm TH 1 | E2: Điểm TH 2 | F2: Điểm TH 3
A3: 1 | B3: B1505719 | C3: Nguyễn Văn Hiếu | D3: 0.45 | E3: 0.25 | F3: 0.3
A4: 2 | B4: B1505915 | C4: Lý Minh Trí | D4: 0.5 | E4: 0.35 | F4: 0.4
A5: 3 | B5: B1509874 | C5: Nguyễn Kiều Mi | D5: 0.25 | E5: 0.25 | F5: 0.3
A6: 4 | B6: B1509929 | C6: Đặng Duy Linh | D6: 0.4 | E6: 0.25 | F6: 0.35
A7: 5 | B7: B1605223 | C7: Lê Thị Trúc Linh | D7: 0.45 | E7: 0.4 | F7: 0.35
A8: 6 | B8: B1605235 | C8: Phạm Thị Huỳnh | D8: 0.4 | E8: 0.45 | F8: 0.5
A9: 7 | B9: B1605249 | C9: Lê Minh Thông | D9: 0.4 | E9: 0.4 | F9: 0.4
A10: 8 | B10: B1605285 | C10: Huỳnh Thị Diễm | D10: 0.45 | E10: 0.4 | F10: 0.45
A11: 9 | B11: B1605291 | C11: Trần Thanh Nguyên | D11: 0.45 | E11: 0.4 | F11: 0.4
A12: 10 | B12: B1605344 | C12: Nguyễn Thị Đào | D12: 0.3 | E12: 0.4 | F12: 0.45
A13: 11 | B13: B1607025 | C13: Nguyễn Chí Thanh | D13: 0.4 | E13: 0.45 | F13: 0.4
A14: 12 | B14: B1609759 | C14: Nguyễn Hải Anh | D14: 0.5 | E14: 0.5 | F14: 0.45
... A16: 14 | B16: B1609773 | C16: Nguyễn Duy Khanh | D16: 0.35 | E16: 0.4 | F16: 0

Sheet Điểm lý thuyết
A1: Điểm lý thuyết
A2: STT | B2: Mã SV | C2: Họ và tên | D2: Điểm lý thuyết
A3: 1 | B3: B1505719 | C3: Nguyễn Văn Hiếu | D3: 4.2
A4: 2 | B4: B1505915 | C4: Lý Minh Trí | D4: 5.8
A5: 3 | B5: B1509874 | C5: Nguyễn Kiều Mi | D5: 5.8
A6: 4 | B6: B1509929 | C6: Đặng Duy Linh | D6: 4.5
A7: 5 | B7: B1605223 | C7: Lê Thị Trúc Linh | D7: 5.5
A8: 6 | B8: B1605235 | C8: Phạm Thị Huỳnh | D8: 7.5
A9: 7 | B9: B1605249 | C9: Lê Minh Thông | D9: 5.3
A10: 8 | B10: B1605285 | C10: Huỳnh Thị Diễm | D10: 6.8
A11: 9 | B11: B1605291 | C11: Trần Thanh Nguyên | D11: 6.3
A12: 10 | B12: B1605344 | C12: Nguyễn Thị Đào | D12: 8.3
A13: 11 | B13: B1607025 | C13: Nguyễn Chí Thanh | D13: -3
A14: 12 | B14: B1609759 | C14: Nguyễn Hải Anh | D14: 7
... A16: 14 | B16: B1609773 | C16: Nguyễn Duy Khanh | D16: 6.5

Sheet Điểm bài tập lớn
A1: Điểm bài tập lớn
A2: STT | B2: Mã SV | C2: Họ và tên | D2: Điểm BT lớn
A3: 1 | B3: B1505719 | C3: Nguyễn Văn Hiếu | D3: 0.5
A4: 2 | B4: B1505915 | C4: Lý Minh Trí | D4: 1
A5: 3 | B5: B1509874 | C5: Nguyễn Kiều Mi | D5: 0.5
A6: 4 | B6: B1509929 | C6: Đặng Duy Linh | D6: 1
A7: 5 | B7: B1605223 | C7: Lê Thị Trúc Linh | D7: 0.75
A8: 6 | B8: B1605235 | C8: Phạm Thị Huỳnh | D8: 1.2
A9: 7 | B9: B1605249 | C9: Lê Minh Thông | D9: 0
A10: 8 | B10: B1605285 | C10: Huỳnh Thị Diễm | D10: 0
A11: 9 | B11: B1605291 | C11: Trần Thanh Nguyên | D11: 0.75
A12: 10 | B12: B1605344 | C12: Nguyễn Thị Đào | D12: 0.3
A13: 11 | B13: B1607025 | C13: Nguyễn Chí Thanh | D13: 0.3
A14: 12 | B14: B1609759 | C14: Nguyễn Hải Anh | D14: 1.5
... A16: 14 | B16: B1609773 | C16: Nguyễn Duy Khanh | D16: 0.85

Sheet Các bảng tham chiếu & Thống kê
A1: Bảng quy đổi điểm | E1: Bảng Điểm Chuyển cần
A2: Điểm theo thang điểm 10 | B2: Điểm chữ | C2: Điểm theo thang 4 | E2: Số buổi vắng | F2: Điểm CT
A3: 0 | B3: F | C3: 0 | E3: 0 | F3: 1
A4: 4 | B4: D | C4: 1 | E4: 1 | F4: 0.5
A5: 5 | B5: D+ | C5: 1.5 | E5: 2 | F5: 0.25
A6: 5.5 | B6: C | C6: 2
A7: 6.5 | B7: C+ | C7: 2.5
A8: 7 | B8: B | C8: 3
A9: 8 | B9: B+ | C9: 3.5
A10: 9 | B10: A | C10: 4
A12: Danh sách Sinh viên | E12: Bảng thống kê theo điểm chữ
A13: STT | B13: Mã SV | C13: Họ và Tên | E13: Điểm chữ | F13: Số lượng sinh viên
A14: 1 | B14: B1509929 | C14: Đặng Duy Linh | E14: A | F14: 0
A15: 2 | B15: B1605285 | C15: Huỳnh Thị Diễm | E15: B+ | F15: 1
A16: 3 | B16: B1605291 | C16: Trần Thanh Nguyên | E16: B | F16: 1
A17: 4 | B17: B1605249 | C17: Lê Minh Thông | E17: C+ | F17: 3
A18: 5 | B18: B1605223 | C18: Lê Thị Trúc Linh | E18: C | F18: 4
A19: 6 | B19: B1505915 | C19: Lý Minh Trí | E19: D+ | F19: 1
A20: 7 | B20: B1607025 | C20: Nguyễn Chí Thanh | E20: D | F20: 0
A21: 8 | B21: B1609773 | C21: Nguyễn Duy Khanh | E21: F | F21: 4
A22: 9 | B22: B1609759 | C22: Nguyễn Hải Anh
A23: 10 | B23: B1509874 | C23: Nguyễn Kiều Mi | E23: Bảng thống kê SV
A24: 11 | B24: B1605344 | C24: Nguyễn Thị Đào | E24: Số sinh viên điểm BT lớn = 0 hoặc điểm LT = -3 | F24: 4
A25: 12 | B25: B1505719 | C25: Nguyễn Văn Hiếu
A26: 13 | B26: B1605235 | C26: Phạm Thị Huỳnh
A27: 14 | B27: B1609765 | C27: Trần Nam Dương | E27: Số SV nghỉ TH > 2 | F27: 2

Sheet Sinh viên điểm >=7
A1: {=_xlfn._xlws.FILTER('Tong hop diem'!B7:C20, 'Tong hop diem'!J7:J20 > 7)} -> 0B1605235 | B1: Phạm Thị Huỳnh
A2: 2B1609759 | B2: Nguyễn Hải Anh

Sheet Sinh viên điểm <7
A1: {=_xlfn._xlws.FILTER('Tong hop diem'!B7:C20, 'Tong hop diem'!J7:J20 < 7)} -> 0B1505719 | B1: Nguyễn Văn Hiếu
A2: 1B1505915 | B2: Lý Minh Trí
A3: 0B1509874 | B3: Nguyễn Kiều Mi
A4: 0B1509929 | B4: Đặng Duy Linh
A5: 2B1605223 | B5: Lê Thị Trúc Linh
A6: 0B1605249 | B6: Lê Minh Thông
A7: 0B1605285 | B7: Huỳnh Thị Diễm
A8: 0B1605291 | B8: Trần Thanh Nguyên
A9: 1B1605344 | B9: Nguyễn Thị Đào
A10: 4B1607025 | B10: Nguyễn Chí Thanh
A11: 5B1609765 | B11: Trần Nam Dương
A12: 0B1609773 | B12: Nguyễn Duy Khanh
